{
  "scripts/fetch_stats.py": 1775909841.4633622,
  "scripts/build_playbook.py": 1775909841.4629228,
  "scripts/fetch_article.py": 1775909841.463217,
  "scripts/extract_exemplar.py": 1775909841.4631338,
  "scripts/learn_edits.py": 1775909841.4635634,
  "scripts/humanness_score.py": 1775909841.4634495,
  "scripts/diagnose.py": 1775909841.4630222,
  "scripts/fetch_hotspots.py": 1775909841.4632888,
  "scripts/seo_keywords.py": 1775909841.4637575,
  "scripts/build_openclaw.py": 1775909841.4628658,
  "scripts/learn_theme.py": 1775909841.463676,
  "toolkit/wechat_api.py": 1775909841.465773,
  "toolkit/theme.py": 1775909841.4645586,
  "toolkit/converter.py": 1775909841.4640708,
  "toolkit/image_gen.py": 1775909841.4641724,
  "toolkit/cli.py": 1775909841.4639716,
  "toolkit/publisher.py": 1775909841.4644866,
  "requirements.txt": 1775909841.4627635,
  "README.md": 1775909841.4545941,
  "SKILL.md": 1775909841.4547276,
  "references/frameworks.md": 1775909841.4619217,
  "references/content-enhance.md": 1775909841.4616048,
  "references/style-template.md": 1775909841.462288,
  "references/topic-selection.md": 1775909841.462373,
  "references/learn-edits.md": 1775909841.461997,
  "references/effect-review.md": 1775909841.461673,
  "references/writing-guide.md": 1775909841.4626694,
  "references/onboard.md": 1775909841.4620745,
  "references/visual-prompts.md": 1775909841.4624684,
  "references/wechat-constraints.md": 1775909841.4625585,
  "references/seo-rules.md": 1775909841.4621866
}